{"cameraMode":{"drawMode":0,"name":"Shaded","section":"Shading Mode"},"sceneLighting":false,"audioPlay":false,"sceneViewState":{"showFog":false,"showMaterialUpdate":false,"showSkybox":false,"showFlares":false,"showImageEffects":false,"showParticleSystems":false},"in2DMode":false,"pivot":{"x":0.02386951446533203,"y":0.1398380994796753,"z":0.08873963356018067},"rotation":{"x":0.10087243467569351,"y":0.6219320297241211,"z":-0.08125751465559006,"w":0.7722479104995728},"size":2.8578836917877199,"orthographic":false}