{"cameraMode":{"drawMode":0,"name":"Shaded","section":"Shading Mode"},"sceneLighting":true,"audioPlay":false,"sceneViewState":{"showFog":false,"showMaterialUpdate":false,"showSkybox":false,"showFlares":false,"showImageEffects":false,"showParticleSystems":false},"in2DMode":false,"pivot":{"x":-0.44855281710624697,"y":14.078984260559082,"z":4.9969611167907719},"rotation":{"x":0.17985810339450837,"y":-0.023609906435012819,"z":0.004300153348594904,"w":0.9833762049674988},"size":2.8578836917877199,"orthographic":false}