{"cameraMode":{"drawMode":0,"name":"Shaded","section":"Shading Mode"},"sceneLighting":true,"audioPlay":false,"sceneViewState":{"showFog":false,"showMaterialUpdate":false,"showSkybox":false,"showFlares":false,"showImageEffects":false,"showParticleSystems":false},"in2DMode":false,"pivot":{"x":-4.470214366912842,"y":3.674705743789673,"z":30.992399215698243},"rotation":{"x":0.3581606149673462,"y":0.051770683377981189,"z":-0.019914718344807626,"w":0.9319848418235779},"size":2.8578836917877199,"orthographic":false}