{"cameraMode":{"drawMode":0,"name":"Shaded","section":"Shading Mode"},"sceneLighting":false,"audioPlay":false,"sceneViewState":{"showFog":false,"showMaterialUpdate":false,"showSkybox":false,"showFlares":false,"showImageEffects":false,"showParticleSystems":false},"in2DMode":false,"pivot":{"x":-0.5912397503852844,"y":0.7382798194885254,"z":0.8405818343162537},"rotation":{"x":0.09446843713521958,"y":0.6396379470825195,"z":-0.07967016845941544,"w":0.7586402297019959},"size":2.8578836917877199,"orthographic":false}