{"cameraMode":{"drawMode":0,"name":"Shaded","section":"Shading Mode"},"sceneLighting":true,"audioPlay":false,"sceneViewState":{"showFog":false,"showMaterialUpdate":false,"showSkybox":false,"showFlares":false,"showImageEffects":false,"showParticleSystems":false},"in2DMode":false,"pivot":{"x":-29.496292114257814,"y":-6.070276260375977,"z":30.08705711364746},"rotation":{"x":0.175259530544281,"y":-0.048394642770290378,"z":0.008649172261357308,"w":0.9832128882408142},"size":22.0,"orthographic":false}